Sxij,Q1,Q2,Q3,T1,T2,T3,T,
Q1,0.00060904,0.00030452,0.00030452,0.0214543,-0.00690718,-0.00690718,-0.00690718,
Q2,0.00030452,0.474967,-0.474663,0.0107271,-0.00345359,-0.00345359,-0.00345359,
Q3,0.00030452,-0.474663,0.474967,0.0107271,-0.00345359,-0.00345359,-0.00345359,
T1,0.0214543,0.0107271,0.0107271,0.999297,0.000226423,0.000226423,0.000226423,
T2,-0.00690718,-0.00345359,-0.00345359,0.000226423,0.321876,0.321876,0.321876,
T3,-0.00690718,-0.00345359,-0.00345359,0.000226423,0.321876,0.321876,0.321876,
T,-0.00690718,-0.00345359,-0.00345359,0.000226423,0.321876,0.321876,0.321876,
